Tweets,Id,Length,Retweets,Date,Source,Likes,Sentiment
"We touch our hair 96 times a day on average, transferring bacteria, dirt and grease from our hands unknowingly. I uâ€¦ https://t.co/VzaNhEWXFr",1296854578726490112,140,2975,2020-08-21 17:00:00,Twitter Media Studio,44036,-1
Happy to share these beautiful moments with you! ğŸ‘©â€â¤ï¸â€ğŸ‘¨ğŸ˜˜ https://t.co/8P2GJcFihf,1293546832098926592,80,18684,2020-08-12 13:56:12,Twitter for iPhone,429301,1
On boardğŸ›¥ğŸ˜‰ https://t.co/IhvlsFdGep,1292861675276840961,34,26278,2020-08-10 16:33:38,Twitter for iPhone,494759,0
"The beautiful competition is back! ğŸ’ªğŸ¼ 
#UCL #finoallafine #forzajuve https://t.co/mSiPVEDpT5",1291442827965140994,92,13673,2020-08-06 18:35:38,Twitter for iPhone,209794,1
Feeling loved â¤ï¸ğŸ˜˜ https://t.co/pIBtQtcAcz,1291343231603617793,41,16326,2020-08-06 11:59:53,Twitter for iPhone,354649,1
Team work ğŸ¤œğŸ¼ğŸ¤›ğŸ¼ https://t.co/zQbWoqjLHq,1290222132522229760,38,10098,2020-08-03 09:45:02,Twitter for iPhone,208028,0
"Staying healthy and hygienic is important. 
Donâ€™t forget keep your hair, scalp &amp; body clean daily. 
@CLEARIndonesiaâ€¦ https://t.co/dhteHYFikr",1289290174510166016,144,2122,2020-07-31 20:01:46,Twitter for iPhone,35349,1
"Iâ€™m ready to chase the sun with my brand new Eyewear Collection!
See all about my partnership withâ€¦ https://t.co/hHLNSgFGri",1288157471274565634,123,7208,2020-07-28 17:00:48,Twitter for iPhone,121838,1
A very important victory! Weâ€™re almost there guys! Letâ€™s go ğŸ’ªğŸ¼ğŸ’ªğŸ¼ #FinoAllaFine #forzajuve https://t.co/thSo8N5PgN,1285342214353309696,113,17532,2020-07-20 22:33:59,Twitter for iPhone,219202,1
Good nutrition is at the core of my success. Whatâ€™s yours? #HerbalifeNutrition https://t.co/dMX4d7dQOY,1284453189178228738,102,4986,2020-07-18 11:41:18,Twitter for iPhone,78253,1
Make your dreams come true always with special company! ğŸ˜€â¤ï¸ğŸ™ https://t.co/iVCI0WMkJ9,1284169747039498242,84,23257,2020-07-17 16:55:01,Twitter for iPhone,361523,1
Relaxing and lovely moments ğŸŒŠâ˜€ï¸ğŸ’™ https://t.co/7zz1yszNJP,1282733116487077889,56,16536,2020-07-13 17:46:21,Twitter for iPhone,395619,1
A difficult game but a very important point. Keep on fighting until the end ğŸ’ªğŸ¼ #FinoAllaFine https://t.co/UfB0HwgFxt,1282085885014683659,116,12341,2020-07-11 22:54:29,Twitter for iPhone,189464,-1
Faz hoje 4 anos que vivemos um dia histÃ³rico e Ãºnico para todos nÃ³s! Para mim foi sem dÃºvida o tÃ­tulo mais importanâ€¦ https://t.co/1pLvAeGs1N,1281545016016592896,140,22643,2020-07-10 11:05:16,Twitter for iPhone,195072,0
Recharge ğŸ”‹â˜€ï¸ğŸ˜‰ğŸ’ªğŸ¼ https://t.co/0lgeJdbsBL,1281280238496948224,39,18181,2020-07-09 17:33:08,Twitter for iPhone,389535,0
I love this feeling ğŸ˜‰ğŸ’ªğŸ¼ https://t.co/Aj6uHZfUjF,1279522588952313856,47,40710,2020-07-04 21:08:52,Twitter for iPhone,501593,1
Grande vittoria! Abbiamo bisogno di questo spirito... FINO ALLA FINE ğŸ’ªğŸ¼ğŸ‘ğŸ¼ https://t.co/WyhD4JnVDF,1279477154145800193,97,22461,2020-07-04 18:08:19,Twitter for iPhone,269247,1
What do you think about my look like my brother Panita ?! ğŸ¤”ğŸ¤ª https://t.co/OUpYQApFfT,1277679310824931336,84,19970,2020-06-29 19:04:20,Twitter for iPhone,378895,0
Starting the weekend with a good vibe and a good styleğŸ¤ª https://t.co/EXHMtk25UT,1276854132939173889,79,22496,2020-06-27 12:25:22,Twitter for iPhone,353179,1
Vittoria importante! Grandi ragazzi! ğŸ‘ğŸ¼ğŸ’ªğŸ¼ #finoallafine https://t.co/k4JMrV4pt4,1276642553203494913,79,11595,2020-06-26 22:24:38,Twitter for iPhone,175396,0
Enjoying this beautiful sunset ğŸ˜ƒğŸ‘ŒğŸ»ğŸŒ… #torino https://t.co/TjPlusRJiX,1276219288689553409,67,10439,2020-06-25 18:22:44,Twitter for iPhone,224655,1
"Never give up, always focused on the next step...All together ğŸ’ªğŸ¼ #finoallafine https://t.co/uBITkFZaar",1274784439554453505,102,14386,2020-06-21 19:21:09,Twitter for iPhone,241398,0
Nem quero acreditar que o meu menino jÃ¡ tem 10 anos! Como o tempo passou... e desde sempre foste motivo de orgulhoâ€¦ https://t.co/ltJLbTyHN8,1273179231388917761,139,17890,2020-06-17 09:02:37,Twitter for iPhone,351137,0
Get some Vitamin D â˜€ï¸ https://t.co/Y86OHwZj3b,1272585066267447297,45,12975,2020-06-15 17:41:37,Twitter for iPhone,313417,0
"Wherever you are, we'll always be together ğŸ’ªğŸ¼#FinoAllaFine #ForzaJuve https://t.co/BQPJ5fRcMD",1271437543821783040,93,20542,2020-06-12 13:41:47,Twitter for iPhone,262146,0
Have a nice day ğŸ˜‰ğŸ‘ŒğŸ» #thursdaystyle https://t.co/HC21fCptQI,1271070983768727553,58,19745,2020-06-11 13:25:12,Twitter for iPhone,359618,1
Monday motivation!ğŸ’ªğŸ» The Competition is coming âš½ï¸ğŸ˜€ https://t.co/mdVq45pz8s,1269950519029743618,74,15093,2020-06-08 11:12:52,Twitter for iPhone,225804,0
Letâ€™s rise to the challenge. What are you doing to #ComeBackStronger? Take part in the #ClearResilienceChallenge atâ€¦ https://t.co/LHMAVdCQca,1268966282759745536,140,2723,2020-06-05 18:01:52,Twitter for iPhone,42384,0
Happy Birthday to my two sweeties Eva and Mateo! ğŸ‘§ğŸ»ğŸ‰ğŸ‘¶ğŸ»ğŸ‰ We love you to the end of the worldğŸ’•ğŸ™ #prouddad https://t.co/0YnvN2QxNy,1268849407358832641,127,18953,2020-06-05 10:17:27,Twitter for iPhone,319760,1
I fall in love every time I see these twoğŸ˜ğŸ™ŒğŸ‘¨â€ğŸ‘§â€ğŸ‘§ #dadysgirls https://t.co/0rPaSsAhnh,1268143615697715200,84,16845,2020-06-03 11:32:53,Twitter for iPhone,336751,1
Family Bike Ride ğŸš´ğŸ¼ğŸ‘ŒğŸ¼â¤ï¸ https://t.co/mYrnDpEChQ,1266039063469002752,47,16074,2020-05-28 16:10:09,Twitter for iPhone,329681,0
Approved ? ğŸ¤” https://t.co/FsWDUuMGx4,1265324678262009856,36,26061,2020-05-26 16:51:26,Twitter for iPhone,461747,0
Work hard play hard ğŸ’ªğŸ¼ https://t.co/lsRIikp7Jg,1263859365116817414,46,20296,2020-05-22 15:48:48,Twitter for iPhone,304352,-1
"When we become patient and consistent, we find the way to get through the difficulties âš½ï¸ğŸ’ªğŸ»
#backontrackâ€¦ https://t.co/2yzFWjr6CK",1262800244305268736,129,16412,2020-05-19 17:40:14,Twitter for iPhone,214804,1
Our health is the most important thing we have ğŸ‘ How are you practicing good #fitness and #nutrition habits?â€¦ https://t.co/yXt0gDBRIY,1261705619456831489,133,3690,2020-05-16 17:10:35,Twitter for iPhone,51424,1
"Home workout with EMS training gear SIXPAD. Stay Fit and Stay Positive!
@sixpadeurope
https://t.co/a1KWPXzoxeâ€¦ https://t.co/YsEKhPNtEd",1261204674033696768,134,5961,2020-05-15 08:00:00,Twitter Media Studio,105480,1
Well done my friend! ğŸ™ŒğŸ½ https://t.co/XqTFitr5tI,1259193504640708609,47,6801,2020-05-09 18:48:20,Twitter for iPhone,84644,0
The greatest love... ğŸ™ğŸ¼â¤ï¸ https://t.co/ffSjOVHJDC,1258432451657031680,49,19035,2020-05-07 16:24:11,Twitter for iPhone,357345,1
Weâ€™ll be back ğŸ’™ğŸ™ #family #madeiraisland https://t.co/Gm1ifjnkfi,1257717816058359808,63,12794,2020-05-05 17:04:29,Twitter for iPhone,262175,0
Today is day 1 of Clearâ€™s 14 day resilience challenge to #ComeBackStronger. Follow @HaircareClear over the next twoâ€¦ https://t.co/6HZodlzVmi,1256191641607647236,140,1632,2020-05-01 12:00:00,Twitter Media Studio,25799,1
These are challenging times. Letâ€™s make sure we stay on top of our game so we can all #comebackstronger. Be part ofâ€¦ https://t.co/R37XGgzxhm,1255089378994425858,140,2469,2020-04-28 11:00:01,Twitter Media Studio,29069,1
Morning workout with a cycling session....these wheels are on fire ğŸ”¥ ğŸ˜‚ğŸ’ªğŸ¼ https://t.co/lcHnUbGQ8m,1254745976625074178,96,7698,2020-04-27 12:15:27,Twitter for iPhone,134450,0
Keep strong guys! Lets go! ğŸ’ªğŸ¼ğŸ‹ğŸ½â€â™‚ï¸ #stayactive https://t.co/XFsHlXiJqm,1254012596933537793,70,14893,2020-04-25 11:41:16,Twitter for iPhone,259667,1
Workout to improve mind and body ğŸš´ğŸ»ğŸ’ªğŸ»#stayactive https://t.co/89cXZn3WoB,1252301153012011013,72,8496,2020-04-20 18:20:36,Twitter for iPhone,158397,0
The best way to start the day ğŸ™â¤ï¸ https://t.co/iQd99vAGbR,1251481340744212481,57,37413,2020-04-18 12:02:57,Twitter for iPhone,603676,1
Like father like son ğŸ˜‚ğŸ‘¨â€ğŸ‘¦â¤ï¸ #siiiimmmmm https://t.co/7Tmmno0tO7,1251213121743716353,63,30046,2020-04-17 18:17:09,Twitter for iPhone,320588,0
Always challenge yourself! ğŸ‘ŒFor me it's time to study ğŸ¤“ https://t.co/n2ZIUhGa5d,1250501806163202051,79,19249,2020-04-15 19:10:38,Twitter for iPhone,313331,0
"We wish a Happy Easter to everyone ğŸŒâ¤ï¸ğŸ™
#stayhome https://t.co/DZsSKqYWeb",1249331300462481408,73,17335,2020-04-12 13:39:28,Twitter for iPhone,303679,1
Another week of playing inside and staying active. Thanks to everyone for trying to beat me ğŸ˜‰ maybe next time! Overâ€¦ https://t.co/HCX4e8fsAR,1248902530068815872,140,5477,2020-04-11 09:15:41,Twitter for iPhone,70671,1
In this very difficult moment for our world it is important we unite and support each other. Letâ€™s all do what we câ€¦ https://t.co/74Bpj1hEx8,1248689538828034048,140,24801,2020-04-10 19:09:20,Twitter for iPhone,230035,-1
Stay home and keep stylish ğŸ’‡ğŸ½â€â™‚ï¸ğŸ‘©â€â¤ï¸â€ğŸ’‹â€ğŸ‘¨ #stayhomestaysafe https://t.co/SkPiUwzCxn,1246418009758941185,82,33725,2020-04-04 12:43:05,Twitter for iPhone,355286,1
"Breathe in, breathe out.ğŸ§˜â€â™‚ï¸ Stay activeğŸƒğŸ»â€â™‚ï¸ #stayhomesavelives https://t.co/ElschZvXdQ",1245310749045653504,88,23016,2020-04-01 11:23:13,Twitter for iPhone,309192,-1
"In this difficult moment for the whole world, letâ€™s be thankful for the things that matter - our health, our familyâ€¦ https://t.co/0kq3gDAW6I",1244611003863580672,140,21310,2020-03-30 13:02:41,Twitter for iPhone,244915,-1
"If you ever dreamed of playing for millions around the world, now is your chance. Play inside, play for the world.â€¦ https://t.co/8E4pOX2BMg",1241364225043415042,139,14795,2020-03-21 14:01:09,Twitter for iPhone,185366,0
"Hi guys, just a little message and reminder of the steps we must all follow to protect ourselves and our loved onesâ€¦ https://t.co/u3PXmgnZEI",1241084839975059458,140,19318,2020-03-20 19:30:58,Twitter for iPhone,122219,1
For information: https://t.co/rbDpMTcs6s https://t.co/jWzDZX0GJK,1238497632345096192,64,32975,2020-03-13 16:10:20,Twitter for iPhone,185371,0
So proud to reach 1000 official games in my career with a very important victory that put us on the top of the tablâ€¦ https://t.co/0KmVFS0RUP,1236956939403374592,140,31221,2020-03-09 10:08:10,Twitter for iPhone,303745,1
Thank you for all your messages of support for my mum. She is currently stable and recovering in hospital. Me and mâ€¦ https://t.co/GQDHGLFJOB,1234915783949606917,140,43141,2020-03-03 18:57:21,Twitter for iPhone,512376,0
Stay focused on your goals ğŸ’ª https://t.co/UNuGkAAUXm,1233495710621995014,52,19347,2020-02-28 20:54:29,Twitter for iPhone,251501,0
Always on my mind... see you tomorrow ğŸ’ª#UCL #forzajuve https://t.co/jXSbJoDCMP,1232351249409945604,78,15666,2020-02-25 17:06:48,Twitter for iPhone,209508,0
"3 more important points!ğŸ’ªğŸ½
Now letâ€™s focus on UCL game!
#finoallafine #forzajuve https://t.co/AzGNpKte4r",1231313742333448192,104,9156,2020-02-22 20:24:07,Twitter for iPhone,147057,1
"My new Mercurial Dream Speed is here and they make me feel like I can move at the speed of light âš¡
So excited to seâ€¦ https://t.co/eWziv3X7Rf",1230830634639273984,140,4905,2020-02-21 12:24:25,Twitter Web App,80774,1
Ice recovery ğŸ§Š ğŸ’ª https://t.co/6lq1FjrmA6,1229478506666635266,40,13738,2020-02-17 18:51:33,Twitter for iPhone,241322,0
Familyâ€™s lunch â¤ï¸ https://t.co/9r7zgwiGey,1228336109379293185,41,14313,2020-02-14 15:12:04,Twitter for iPhone,312038,0
No excuses ğŸ¤·ğŸ½â€â™‚ï¸ğŸ’ª https://t.co/QNjMQDvfd4,1226920536267264000,41,29922,2020-02-10 17:27:05,Twitter for iPhone,352283,0
"Good to get back to victories and happy to score again in our stadium!âš½âš½
Proud to reach 50 goals with the bianconerâ€¦ https://t.co/fKJMw4Ytnc",1223978421988024321,140,18530,2020-02-02 14:36:10,Twitter for iPhone,214872,1
The games start to win during the week ğŸ’ªğŸ»ğŸ‘ŠğŸ»#focus #hardwork #finoallafine https://t.co/ur4oTx3HO7,1222929722612551681,97,7411,2020-01-30 17:09:01,Twitter for iPhone,129185,1
Felicidades mi amor! Te deseo un dÃ­a muy lindo! Eres una gran mujer y una excelente madre para nuestros hijos. Te qâ€¦ https://t.co/6h2A0ocJ3F,1221822313445892096,140,11147,2020-01-27 15:48:34,Twitter for iPhone,241351,0
So sad to hear the heartbreaking news of the deaths of Kobe and his daughter Gianna. Kobe was a true legend and insâ€¦ https://t.co/jNbwYwupj6,1221578681472163841,140,105524,2020-01-26 23:40:28,Twitter for iPhone,783186,-1
Charging...ğŸ”‹ğŸ’ªğŸ» https://t.co/B69bLtvJTi,1219319281038626816,38,13484,2020-01-20 18:02:25,Twitter for iPhone,244710,0
"Happy to score again today!
âš½ï¸âš½
3 important points!ğŸ’ªğŸ½
#finoallafine #forzajuve https://t.co/A5nGY4FLOJ",1219039542386266112,102,14528,2020-01-19 23:30:50,Twitter for iPhone,190662,1
ğŸ‘€ https://t.co/MRxEXFuthE,1216045824410554369,25,17276,2020-01-11 17:14:52,Twitter for iPhone,345468,0
"Amazing feeling to kick off 2020 with a hat-trick and a victory!âš½âš½âš½ğŸ’ªğŸ½
#finoallafine #forzajuve https://t.co/M8XD1ZQrhl",1214232898917801984,118,29649,2020-01-06 17:10:57,Twitter for iPhone,266773,1
"New year, the same motivation ğŸ’ªğŸ¼
#forzajuve #finoallafine https://t.co/qhQzsuJ9sN",1213157713234018304,81,11657,2020-01-03 17:58:32,Twitter for iPhone,191552,1
"Feliz Ano, meu Amor! â¤ï¸Que 2020 seja um ano repleto de amor, saÃºde, paz e sucesso para todos! Happy New Year to allâ€¦ https://t.co/l0DWiOC69k",1212431971252617216,140,12619,2020-01-01 17:54:42,Twitter for iPhone,235869,1
Always with me ğŸ‘¨â€ğŸ‘©â€ğŸ‘¦â¤ï¸ https://t.co/NlDOlqx9Rq,1211618857972117505,46,15826,2019-12-30 12:03:41,Twitter for iPhone,295340,0
Honored to received one more time Globe Soccer Award! A very emotional moment for me to share this award with my faâ€¦ https://t.co/7AwwYL5k51,1211382734389727232,140,15096,2019-12-29 20:25:24,Twitter for iPhone,235647,1
You always make me feel so special ğŸ‘©â€â¤ï¸â€ğŸ’‹â€ğŸ‘¨ https://t.co/uP829hwvgT,1210630830630088705,67,24296,2019-12-27 18:37:37,Twitter for iPhone,398559,1
Teaching @DjokerNole how to jump!!ğŸ˜…ğŸ¤ªğŸ’ªğŸ½ Was a pleasure to see you and train with you my friend!! https://t.co/zDvNMhMaBm,1210533047076098048,119,10152,2019-12-27 12:09:03,Twitter Web App,126167,0
Teaching @DjokerNole  how to jump!!ğŸ˜…ğŸ¤ªğŸ’ªğŸ½ Was a pleasure to see you and train with you my friend!! https://t.co/GgMr9rAUEf,1210530255284396032,120,24169,2019-12-27 11:57:58,Twitter Web App,263387,0
Workout in the pool ğŸƒğŸ»â€â™‚ï¸ğŸ§˜â€â™‚ï¸ğŸ˜€ğŸ‘ŒğŸ» https://t.co/HyLAB8l6BG,1210212041765609473,56,2127,2019-12-26 14:53:30,Instagram,36162,0
"CR7 AIR JORDAN!!âœˆï¸ğŸ˜…
#forzajuve #finoallafine https://t.co/rXvhu08qIs",1207439538689323008,68,79334,2019-12-18 23:16:33,Twitter for iPhone,499618,0
"Great victory today with a strong perfomance from the team!ğŸ’ªğŸ½
#forzajuve #finoallafine https://t.co/FPNrXRDITS",1206267575279247360,110,11813,2019-12-15 17:39:35,Twitter for iPhone,149985,1
Good way to end our @championsleague group stage! See you in February!  #championsleague #forzajuve #finoallafine https://t.co/vqVDJ76B6A,1204899071552561152,137,6940,2019-12-11 23:01:39,Twitter for iPhone,110205,1
How can i not  fall in love with my sweet princess ?! ğŸ‘¸ğŸ» â¤ï¸ https://t.co/KKUCVJB1D2,1204450333830856704,83,37565,2019-12-10 17:18:31,Twitter for iPhone,361872,1
Keep strong and together until the end! #finoallafine ğŸ’ªğŸ» https://t.co/XGNcWKRFtw,1203636657771175937,80,7193,2019-12-08 11:25:16,Twitter for iPhone,118833,1
Positive vibes!âœŒï¸ https://t.co/BeN84QS1tb,1202274080327700483,41,20172,2019-12-04 17:10:52,Twitter Web App,249997,1
ğŸ‘ŒğŸ‘ŒğŸ‘Œ https://t.co/f7YC2ABRXj,1202190186890907649,27,19657,2019-12-04 11:37:30,Twitter Web App,279546,0
I'm back ğŸ˜€ğŸ’ªğŸ¼ #Juventus #finoallafine https://t.co/LGPxVAWeUO,1199010801757097984,60,14798,2019-11-25 17:03:46,Twitter for iPhone,210193,0
"Gran Carattere, bravi ragazzi!!ğŸ‘ğŸ½ğŸ’ªğŸ½
#finoallafine #forzajuve https://t.co/OSks5ZNTJx",1198316476660359168,84,6590,2019-11-23 19:04:46,Twitter for iPhone,123757,0
Focused on my recovery to come back soon!âš½ğŸ’ªğŸ½ https://t.co/mMNcqRiJ0W,1197925683722432515,68,15967,2019-11-22 17:11:54,Twitter for iPhone,268047,0
Love this feeling âš½âš½âš½ https://t.co/e7bZ9vtJJU,1195376375194177541,45,21533,2019-11-15 16:21:51,Twitter Web App,286221,1
"Boa vitÃ³ria equipa! ğŸ’ªğŸ‡µğŸ‡¹
Estamos a um passo do apuramento! 
#todosporportugal https://t.co/ckzFpJWQVV",1195109725068808192,100,14905,2019-11-14 22:42:17,Twitter for iPhone,166367,0
Feliz aniversÃ¡rio meu amorâ¤ï¸â¤ï¸â¤ï¸â¤ï¸â¤ï¸ https://t.co/9RunQ2CzLG,1194333025271726085,60,11559,2019-11-12 19:15:57,Twitter for iPhone,233700,0
"Partita difficile, vittoria importante!
#finoallafine https://t.co/uVhRz1wuhE",1193849256857260032,77,8260,2019-11-11 11:13:38,Twitter for iPhone,161975,0
"Weâ€™re on the #ucl last 16!ğŸ‘
Bravi Ragazzi!ğŸ’ª
#finoallafine https://t.co/g30n8f4zG9",1192413533604065281,81,5676,2019-11-07 12:08:35,Twitter for iPhone,112630,0
Champions League here we go again!ğŸ˜œâœˆï¸ https://t.co/EmUo6jvskR,1191730442904453123,61,10788,2019-11-05 14:54:13,Twitter Web App,209462,0
The Show started with LoveğŸ’ https://t.co/FCz9LiDICM,1191089989850976257,51,13948,2019-11-03 20:29:17,Twitter for iPhone,245042,1
Happy Halloween everyone ğŸƒğŸ‘» https://t.co/2kjIZaaJTo,1189903007976218624,51,26386,2019-10-31 13:52:39,Twitter for iPhone,255644,1
#finoallafine ğŸ‘ğŸ½ğŸ’ªğŸ½ https://t.co/YfNFCoWJxN,1189673017334468608,42,24300,2019-10-30 22:38:45,Twitter for iPhone,278451,0
@Jumpman23 Be careful we are here â›¹ğŸ»â€â™‚ï¸ ğŸ’ªğŸ»ğŸ¤£ https://t.co/PzcLQdCKrU,1188420448280875008,67,405,2019-10-27 11:41:29,Twitter for iPhone,3288,-1
Confident for tomorrow âš½ğŸ’ªğŸ¼ #ucl #liveahead #finoallafine #forzajuve https://t.co/oYYM7nHqKq,1186328341286182913,91,7001,2019-10-21 17:08:12,Twitter for iPhone,120899,1
Cold days ask for good quality footwear! Check our CR7 Fall/Winter collection. #PLAYFECTIONISM #CR7fw19 #CR7 https://t.co/2EZcHVyrxI,1184893945563811840,132,5939,2019-10-17 18:08:25,Twitter for iPhone,109813,1
Back on track!ğŸ‘ğŸ½ğŸ’ªğŸ½ https://t.co/3V5dH6py2U,1184527827858796545,42,7934,2019-10-16 17:53:36,Twitter for iPhone,142348,0
Ready for today ğŸ‡µğŸ‡¹ ğŸ’ªğŸ» #todosportugal https://t.co/uSSL0cE6eT,1183687155010420737,60,7193,2019-10-14 10:13:04,swonkie,117628,1
"Madeira Island is nominated for the 5th time the best island in the world! Letâ€™s vote? Siiiiiiiii
Place your vote aâ€¦ https://t.co/ZdUGKXxqWw",1183355958308814848,140,2757,2019-10-13 12:17:00,Twitter for iPhone,41866,1
Feliz por ter marcado num estÃ¡dio especial para mim e ter contribuÃ­do para uma vitÃ³ria que nos coloca mais perto doâ€¦ https://t.co/lpRVuXWIDQ,1183007088949301249,140,10642,2019-10-12 13:10:43,swonkie,152481,0
Focado no jogo de amanhÃ£. ğŸ’ªğŸ½ ğŸ‡µğŸ‡¹ https://t.co/BTH4k4Sgm7,1182347707165417477,55,5850,2019-10-10 17:30:35,swonkie,113560,0
"Ã‰ sempre uma grande felicidade estar de volta ao meu paÃ­s, representar a seleÃ§Ã£o nacional e rever amigos de tantasâ€¦ https://t.co/6mG9PwNKO9",1181564392758005760,139,5386,2019-10-08 13:37:58,swonkie,87634,0
"Very strong performance by the team! ğŸ’ª
Great feeling to be on the top of the table again!ğŸ‘Œ
#finoallafine #forzajuveâ€¦ https://t.co/ngCU5AEfgL",1181153856186720261,140,7046,2019-10-07 10:26:38,swonkie,106678,1
Best way to start my weekend â¤ï¸ğŸ™ https://t.co/ouZXjr3aMZ,1180486233639854081,56,18912,2019-10-05 14:13:45,swonkie,341759,1
"3 important points!
Well done team! ğŸ’ª
#finoallafine #forzajuve #liveahead https://t.co/nJEJS0flrm",1179332900715667457,97,7412,2019-10-02 09:50:49,swonkie,118603,1
Champions League is back! See you tomorrow... ğŸ˜€ ğŸ’ªğŸ¼ https://t.co/JvFhQpSx1e,1178731241710985216,74,9287,2019-09-30 18:00:02,swonkie,134148,0
"Iâ€™ve achieved so much wearing Mercurial boots. Now, I am excited to see you all follow your dreams in my newâ€¦ https://t.co/7aGq7nUeiF",1178572370438754306,133,5189,2019-09-30 07:28:44,Twitter for iPhone,82699,1
"Felice per il gol e la solida prestazione della squadra! ğŸ’ª
#finoallafine #forzajuve #liveAhead https://t.co/QgfwZI3DhT",1178053574229741568,118,6811,2019-09-28 21:07:13,swonkie,93753,0
Work done ğŸ¤œğŸ»ğŸ¤›ğŸ»ğŸ’ªğŸ» https://t.co/4oNc0Dk4pB,1177516354598887426,40,6602,2019-09-27 09:32:30,swonkie,133439,0
PaciÃªncia e persistÃªncia sÃ£o duas caracterÃ­sticas que diferenciam o profissional do amador. Tudo o que hoje Ã© grandâ€¦ https://t.co/ZdnprGXIyc,1176462349429030912,140,19413,2019-09-24 11:44:16,swonkie,179168,1
We will keep working hard to achieve our goals #finoallafine https://t.co/C1cx5skgwv,1174645543823433729,84,11762,2019-09-19 11:24:56,Twitter for iPhone,165915,-1
Probably one of the most revealing interviews I ever did...! Thanks @piersmorgan for the interview.ğŸ‘ğŸ½ https://t.co/4fWfU3ifxj,1174051059532218369,125,7917,2019-09-17 20:02:40,Twitter for iPhone,131221,1
We're ready for UCL âš½ï¸ ğŸ’ªğŸ»ğŸ™ #finoallafineforzajuventus #liveahead https://t.co/xfMBOCY1J4,1174015649129160707,88,8738,2019-09-17 17:41:57,Twitter for iPhone,118329,1
"Combining gym with SIXPAD helps me a lot. EMS technology will surprise you.
https://t.co/a1KWPXzoxe @SIXPADEuropeâ€¦ https://t.co/qRnfjzjx9n",1173491866064609280,138,2532,2019-09-16 07:00:37,swonkie,41009,0
Domingo em famÃ­lia â¤ï¸ https://t.co/JRBzrLMna8,1173304559512543232,45,13209,2019-09-15 18:36:20,Twitter for iPhone,217444,0
Smeling good with my new fragrance and looking great with you on my side georgina â¤ï¸ https://t.co/O3yhHE1s7R,1172551221145669633,108,11820,2019-09-13 16:42:50,Twitter for iPhone,212506,1
Iâ€™m ready to Play It Cool! Are you?ğŸ˜‰ #CR7PlayItCool https://t.co/Gb5hyqr1MM,1172435241211813889,75,9248,2019-09-13 09:01:58,Twitter for iPhone,144664,1
I love this feeling âš½ï¸ğŸ™ #93... https://t.co/8OwF4QKIH7,1171852853952098305,54,25472,2019-09-11 18:27:47,Twitter for iPhone,304243,1
Feliz por marcar o segundo poker ao serviÃ§o da SeleÃ§Ã£o e ter contribuÃ­do para mais uma vitÃ³ria rumo ao nosso objetiâ€¦ https://t.co/eFH7ypuXr6,1171689555893923841,140,14692,2019-09-11 07:38:53,Twitter for iPhone,159943,0
Ready for tomorrow ğŸ‡µğŸ‡¹ğŸ’ªğŸ» https://t.co/GR5ws0g4VZ,1170038758252711936,47,9529,2019-09-06 18:19:12,Twitter for iPhone,159321,1
Ã‰ sempre um prazer voltar Ã  seleÃ§Ã£o e representar Portugal!ğŸ‘ğŸ½ğŸ‡µğŸ‡¹ https://t.co/3mGT1Af095,1168892008531931138,87,8036,2019-09-03 14:22:26,Twitter for iPhone,140110,0
Happy Sunday ğŸ˜€âœŒï¸ https://t.co/Cjkouy8CLV,1168114505898967042,40,22392,2019-09-01 10:52:55,Twitter for iPhone,315770,1
Going back home! https://t.co/yookCaXRyt,1167138657171582982,40,13662,2019-08-29 18:15:14,Twitter for iPhone,233281,0
@Neymarjr olha aÃ­ os Reis do espadachim ğŸ¤´ğŸ»âš”ï¸ğŸ˜… https://t.co/3TXEbxbv2e,1166984513660084225,69,1418,2019-08-29 08:02:44,Twitter Media Studio,14514,0
"No doubts in your mind, no dandruff on your head. #keepaCLEARhead #ClearMen #NoDoubts #NoDandruff #MenShampoo https://t.co/3bGuYjnCei",1166787537689399297,133,2283,2019-08-28 19:00:01,Twitter Media Studio,37657,0
"El otro dÃ­a estuve en @insparya_es y fue un placer hablar con todo el equipo, en el cual confÃ­o. Si sufres de alopeâ€¦ https://t.co/gEF0Vz9pvD",1166728604501401605,140,1786,2019-08-28 15:05:50,Twitter for iPhone,28699,0
Great to start the season with three points! #forzajuve #liveahead #finoallafine https://t.co/BUd5PmN7LQ,1165343652438302721,104,6669,2019-08-24 19:22:32,Twitter for iPhone,95669,1
The Amazon Rainforest produces more than 20% of the worldâ€™s oxygen and its been burning for the past 3 weeks. Itâ€™sâ€¦ https://t.co/MB1lI5yv8k,1164588606436106240,139,102464,2019-08-22 17:22:15,Twitter for iPhone,389548,1
Back on track and focused on the first game of the season âš½ï¸ğŸ‘ŒğŸ»ğŸ’ªğŸ» https://t.co/2ugBRV1ccL,1163531222351536129,88,5415,2019-08-19 19:20:35,Twitter for iPhone,86979,-1
Feeling good and keep workingğŸ‘ğŸ»ğŸ‘ğŸ» https://t.co/b8zh8sqHiN,1160277130980352000,57,13576,2019-08-10 19:49:59,Twitter for iPhone,233409,1
Weâ€™re already in Sweden for tomorrow's game âš½ï¸ğŸ‘ŒğŸ»ğŸ’ªğŸ» https://t.co/3VwfFR0xNO,1159887717678891015,74,6823,2019-08-09 18:02:36,Twitter for iPhone,123589,-1
#NovaFotoDoPerfil https://t.co/2w0kLs9lUT,1157313355960504320,41,8728,2019-08-02 15:33:00,Twitter for iPhone,180061,0
"Speed you can barely see ğŸš€âš¡
Check out my latest @Nikefootball Mercurial â€“ available today atâ€¦ https://t.co/fDGwGwLySD",1157305051234222081,117,5929,2019-08-02 15:00:00,Twitter Media Studio,76584,1
Eyes on the ball ğŸ‘€ âš½ï¸ğŸ‘ğŸ» https://t.co/MDFL6Rc0Dm,1156934071311904768,47,9504,2019-08-01 14:25:52,Twitter for iPhone,153924,0
"There is only one shampoo for me.
 #ClearMen #KeepAClearHead
#NoDandruff #ClearHairCare #Menshampoo https://t.co/trsKdkiDez",1156531513552510982,123,4462,2019-07-31 11:46:14,Twitter for iPhone,87798,0
Happiness âš½ï¸ğŸƒğŸ»â€â™‚ï¸ğŸ˜€ #Back #To #Training https://t.co/k3BfvWzzHo,1156294182220292096,62,7927,2019-07-30 20:03:10,Twitter for iPhone,128930,1
Abt last night ğŸ’ https://t.co/7t6JPbjHJC,1156171279566823424,40,12466,2019-07-30 11:54:48,Twitter for iPhone,238852,0
Muy contento y honrado por ganar este premio @marca Leyenda. Gracias a todos los que me han ayudado y a los que meâ€¦ https://t.co/72SmEQcwWN,1155900295181930496,139,15329,2019-07-29 17:58:00,Twitter for iPhone,182921,0
ğŸ¥… âš½ï¸âš½ï¸ ğŸƒğŸ»â€â™‚ï¸ ğŸ˜€ğŸ’ªğŸ» https://t.co/wMB4vjCrCx,1154390436758401024,40,10096,2019-07-25 13:58:22,Twitter for iPhone,183297,0
Always a pleasure to see you China ğŸ‡¨ğŸ‡³ ğŸ™‹ğŸ»â€â™‚ï¸ğŸ˜€ğŸ‘ŒğŸ» https://t.co/hP9KlTS4L7,1153717877704450048,70,9979,2019-07-23 17:25:51,Twitter for iPhone,163365,0
Happy to be back #finoallafine https://t.co/tMFVxmqANv,1152964241495941120,54,12055,2019-07-21 15:31:10,Twitter for iPhone,161121,1
Recovery session â„ï¸ğŸ’ªğŸ» https://t.co/b8nv8jy5BR,1152640934850506753,45,9984,2019-07-20 18:06:28,Twitter for iPhone,196297,0
Let's goğŸ›« https://t.co/Xlsyga5XJH,1152237174416449536,33,10476,2019-07-19 15:22:04,Twitter Web Client,167221,0
